<?xml version="1.0" encoding="utf-8" standalone="yes" ?>
<rss version="2.0" xmlns:atom="http://www.w3.org/2005/Atom">
  <channel>
      <title>Development on Tyler Davis </title>
      <generator uri="https://hugo.spf13.com">Hugo</generator>
    <link>http://localhost:1313/categories/development/index.xml/</link>
    <language>en-us</language>
    
    
    <updated>Mon, 02 Feb 2015 23:36:34 MST</updated>
    
    <item>
      <title>Android Blur</title>
      <link>http://localhost:1313/post/Android-Blur/</link>
      <pubDate>Mon, 02 Feb 2015 23:36:34 MST</pubDate>
      
      <guid>http://localhost:1313/post/Android-Blur/</guid>
      <description></description>
    </item>
    
  </channel>
</rss>